{"cameraMode":{"drawMode":0,"name":"Shaded","section":"Shading Mode"},"sceneLighting":true,"audioPlay":false,"sceneViewState":{"showFog":true,"showMaterialUpdate":true,"showSkybox":true,"showFlares":true,"showImageEffects":true,"showParticleSystems":true},"in2DMode":false,"pivot":{"x":-1.5213648080825806,"y":1.0027296543121338,"z":-9.659003257751465},"rotation":{"x":0.09476014971733093,"y":-0.9042719602584839,"z":0.2729823887348175,"w":0.3147650361061096},"size":152.02029418945313,"orthographic":false}