{"cameraMode":{"drawMode":0,"name":"Shaded","section":"Shading Mode"},"sceneLighting":true,"audioPlay":false,"sceneViewState":{"showFog":true,"showMaterialUpdate":true,"showSkybox":true,"showFlares":true,"showImageEffects":true,"showParticleSystems":true},"in2DMode":false,"pivot":{"x":-4.140903472900391,"y":4.200934410095215,"z":0.21924984455108643},"rotation":{"x":0.12028956413269043,"y":-0.7827689051628113,"z":0.1601143479347229,"w":0.5894513130187988},"size":116.37440490722656,"orthographic":false}