{"cameraMode":{"drawMode":0,"name":"Shaded","section":"Shading Mode"},"sceneLighting":true,"audioPlay":false,"sceneViewState":{"showFog":true,"showMaterialUpdate":true,"showSkybox":true,"showFlares":true,"showImageEffects":true,"showParticleSystems":true},"in2DMode":false,"pivot":{"x":2.011549949645996,"y":-0.8933019638061523,"z":-5.514410972595215},"rotation":{"x":0.12331447750329972,"y":-0.8757477402687073,"z":0.34997573494911196,"w":0.3092902600765228},"size":8.877726554870606,"orthographic":false}