{"cameraMode":{"drawMode":0,"name":"Shaded","section":"Shading Mode"},"sceneLighting":true,"audioPlay":false,"sceneViewState":{"showFog":true,"showMaterialUpdate":true,"showSkybox":true,"showFlares":true,"showImageEffects":true,"showParticleSystems":true},"in2DMode":false,"pivot":{"x":0.3057820498943329,"y":1.1074671745300294,"z":-9.757943153381348},"rotation":{"x":-0.04873700067400932,"y":0.07493935525417328,"z":0.0038468712009489538,"w":0.9961325526237488},"size":0.16636544466018678,"orthographic":false}